| Item | amount | cost (ea.) | Link |
| :--- | :--- | :--- | :--- |
| XIAO ESP32 C3 | 1 | 7.56 | [Link](https://www.mouser.ca/fr/ProductDetail/713-113991054) |
| 0.96 OLED | 1 | 9.36 | [Link](https://www.mouser.ca/fr/ProductDetail/392-CSANAVIDISPLAY1) |
| MPU6050 | 1 | 9.99 | [Link](https://www.amazon.ca/-/fr/WYTP09-WayinTop/dp/B07P5YXBXV/) |
| DHT11 | 1 | 15.00 | [Link](https://www.amazon.ca/Module-température-dhumidité-Capteur-équipé/dp/BCD7957HS/) |
| MX Switches | 4 | 1.70 | [Link](https://www.amazon.ca/Qancekoo-commutateurs-clavier-mécaniques-broches/dp/B0DSJ2FTRK/) |
| Keycaps | 4 | 0.00 | [Link](https://www.amazon.ca/Qancekoo-commutateurs-clavier-mécaniques-broches/dp/B0DSJ2FTRK/) |
| 10k Resistor | 1 | 8.00 | [Link](https://www.amazon.ca/HUABAN-Lot-résistances-film-carbone/dp/B0BRG12S6Y/) |
| Shipping & Tax | 1 | 30.74 | [Link](https://www.amazon.ca/) |
| PCB | 1 | 17.65 | [Link](https://www.jlcpcb.com/) |
| | | | |
| **Total (each kit)** | **1** | **100.00** | |
